insert into user_info values ('이용자1','uuid1@naver.com','이용자1','aaaa.bbbb.cccc','12가34나','C:\Users\사용자이름\Pictures\MyImg1.jpg',0,'wsn1111');
insert into user_info values ('이용자2','uuid2@naver.com','이용자2','aaba.bbbb.cccc','22가34나','C:\Users\사용자이름\Pictures\MyImg2.jpg',0,'wsn1112');
insert into user_info values ('이용자3','uuid3@naver.com','이용자3','abba.bbbb.cccc','32가34나','C:\Users\사용자이름\Pictures\MyImg3.jpg',0,'wsn1113');
insert into user_info values ('이용자4','uuid4@naver.com','이용자4','aaaa.abbb.cccc','42가34나','C:\Users\사용자이름\Pictures\MyImg4.jpg',0,'wsn1114');
insert into user_info values ('이용자5','uuid5@naver.com','이용자5','aaaa.bbab.cccc','52가34나','C:\Users\사용자이름\Pictures\MyImg5.jpg',1,'wsn1115');
insert into user_info values ('이용자6','uuid@gmail.com','이용자6','aaaa.baba.cccc','12가64나','C:\Users\사용자이름\Pictures\MyImg6.jpg',1,'wsn1116');
insert into user_info values ('이용자7','uuid2@gmail.com','이용자7','aaaa.bbbb.accc','12바36나','C:\Users\사용자이름\Pictures\MyImg7.jpg',1,'wsn1117');
insert into user_info values ('이용자8','uuid3@gmail.com','이용자8','aaaa.bbbb.ccbc','12가32나','C:\Users\사용자이름\Pictures\MyImg8.jpg',0,'wsn1118');
insert into user_info values ('이용자9','uuid4@gmail.com','이용자9','aaba.bbbb.ccbc','12가39나','C:\Users\사용자이름\Pictures\MyImg9.jpg',1,'wsn1119');
insert into user_info values ('이용자10','uuid5@gmail.com','이용자10','aaca.bbbb.cbcc','22가34나','C:\Users\사용자이름\Pictures\MyImg10.jpg',0,'wsn1120');
insert into group_list values ('0001','그룹1','경기도 화성시 17-1');
insert into group_list values ('0002','그룹2','경기도 화성시 17-2');
insert into group_list values ('0003','그룹3','경기도 화성시 17-3');
insert into group_list values ('0004','그룹4','경기도 화성시 17-4');
insert into group_list values ('0005','그룹5','경기도 화성시 17-5');
insert into group_list values ('0006','그룹6','경기도 화성시 17-6');
insert into group_list values ('0007','그룹7','경기도 화성시 17-7');
insert into group_list values ('0008','그룹8','경기도 화성시 17-8');
insert into group_list values ('0009','그룹9','경기도 화성시 17-9');
insert into group_list values ('0010','그룹10','경기도 화성시 18-1');
insert into kiosk_set values ('KSN1111','0001','충청남도 아산시 배방읍','1공학관',36.73639139407394, 127.07420661857469);
insert into kiosk_set values ('KSN1112','0002','충청남도 아산시 배방읍','1공학관',36.73650928774854, 127.07323878624562);
insert into kiosk_set values ('KSN1113','0003','충청남도 아산시 배방읍','1공학관',36.73497511836333, 127.07429681995903);
insert into kiosk_set values ('KSN1114','0004','충청남도 아산시 배방읍','2공학관',36.73639139407394, 127.07420661857469);
insert into kiosk_set values ('KSN1115','0005','충청남도 아산시 배방읍','2공학관',36.73639139407395, 127.07420661857467);
insert into kiosk_set values ('KSN1116','0006','충청남도 아산시 배방읍','2공학관',36.73639139407397, 127.07420661857462);
insert into kiosk_set values ('KSN1117','0007','충청남도 아산시 배방읍','강석규교육관',36.73639139407395, 127.07420661857461);
insert into kiosk_set values ('KSN1118','0008','충청남도 아산시 배방읍','강석규교육관',36.73639139407392, 127.07420661857462);
insert into kiosk_set values ('KSN1119','0009','충청남도 아산시 배방읍','강석규교육관',36.73639139407397, 127.07420661857469);
insert into kiosk_set values ('KSN1120','0010','충청남도 아산시 배방읍','강석규교육관',36.73639139407394, 127.07420661857469);
insert into wearable_info values ('wsn1111','이용자1');
insert into wearable_info values ('wsn1112','이용자2');
insert into wearable_info values ('wsn1113','이용자3');
insert into wearable_info values ('wsn1114','이용자4');
insert into wearable_info values ('wsn1115','이용자5');
insert into wearable_info values ('wsn1116','이용자6');
insert into wearable_info values ('wsn1117','이용자7');
insert into wearable_info values ('wsn1118','이용자8');
insert into wearable_info values ('wsn1119','이용자9');
insert into wearable_info values ('wsn1120','이용자10');
insert into group_map values ('0001','이용자1');
insert into group_map values ('0002','이용자2');
insert into group_map values ('0003','이용자3');
insert into group_map values ('0004','이용자4');
insert into group_map values ('0005','이용자5');
insert into group_map values ('0006','이용자6');
insert into group_map values ('0007','이용자7');
insert into group_map values ('0008','이용자8');
insert into group_map values ('0009','이용자9');
insert into group_map values ('0010','이용자10');
insert into user_log values (NULL,'WSN1111','KSN1111','03:14:18','2021-05-16',36.5,'0001','충청남도 아산시 배방읍','1공학관',36.73639139407394, 127.07420661857469);
insert into user_log values (NULL,'WSN1112','KSN1111','03:14:18','2021-05-16',36.5,'0002','충청남도 아산시 배방읍','1공학관',36.73650928774854, 127.07323878624562);
insert into user_log values (NULL,'WSN1113','KSN1111','03:14:18','2021-05-16',36.5,'0003','충청남도 아산시 배방읍','1공학관',36.73497511836333, 127.07429681995903);
insert into user_log values (NULL,'WSN1114','KSN1113','03:14:18','2021-05-16',37.5,'0004','충청남도 아산시 배방읍','2공학관',36.73639139407394, 127.07420661857469);
insert into user_log values (NULL,'WSN1115','KSN1113','03:14:18','2021-05-16',36.5,'0005','충청남도 아산시 배방읍','2공학관',36.73639139407395, 127.07420661857467);
insert into user_log values (NULL,'WSN1116','KSN1115','03:14:18','2021-05-13',36.5,'0006','충청남도 아산시 배방읍','2공학관',36.73639139407397, 127.07420661857462);
insert into user_log values (NULL,'WSN1117','KSN1112','03:14:18','2021-05-15',35.5,'0007','충청남도 아산시 배방읍','강석규교육관',36.73639139407395, 127.07420661857461);
insert into user_log values (NULL,'WSN1118','KSN1119','03:14:18','2021-05-14',36.0,'0008','충청남도 아산시 배방읍','강석규교육관',36.73639139407392, 127.07420661857462);
insert into user_log values (NULL,'WSN1119','KSN1119','03:14:18','2021-05-12',37.0,'0009','충청남도 아산시 배방읍','강석규교육관',36.73639139407397, 127.07420661857469);
insert into user_log values (NULL,'WSN1120','KSN1119','03:14:18','2021-05-13',36.5,'0010','충청남도 아산시 배방읍','강석규교육관',36.73639139407394, 127.07420661857469);









